"Audit Id","Timestamp","CreatedBy","Audit Action","Changes Description","Entity Type","Entity Id"
"AUDITDD_52700","1746681952700","user1234","CREATE","","TASK","titlett_52651"
"AUDITDD_16009","1746682016009","user1234","UPDATE","","TASK","titlett_52651"
"AUDITDD_26796","1746682026796","user1234","DELETE","","TASK","titlett_52651"
"AUDITDDDD_29153","1746685829153","user1234","CREATE","","TASK","titlett_29143"
"AUDITDD_39457","1746685839457","user1234","UPDATE","","TASK","titlett_29143""AUDITDD_97145","1746688997145","user1234","CREATE","","PROJECT","taskmangermmmm_97132"
"AUDITDDDD_44756","1746689044756","user1234","UPDATE","","PROJECT","taskmangermmmm_97132"
"AUDITDD_50509","1746815950509","user1234","CREATE","","TASK","tasts_50501"
"AUDITDDD_26090","1746816126090","user1234","CREATE","","PROJECT","newprojctrrr_26090"
"AUDITDDDD_91726","1746817691726","matetttt_16791","CREATE","","TASK","tasctitlett_91718"
"AUDITDD_38672","1746870738672","user1234","CREATE","","TASK","testtaskanddbaftermergedddddd_38667"
